SR_WL,S2B_SR_AV_B1,S2B_SR_AV_B2,S2B_SR_AV_B3,S2B_SR_AV_B4,S2B_SR_AV_B5,S2B_SR_AV_B6,S2B_SR_AV_B7,S2B_SR_AV_B8,S2B_SR_AV_B8A,S2B_SR_AV_B9,S2B_SR_AV_B10,S2B_SR_AV_B11,S2B_SR_AV_B12
400,0,0,0,0,0,0,0,0,0,0,0,0,0
401,0,0,0,0,0,0,0,0,0,0,0,0,0
402,0,0,0,0,0,0,0,0,0,0,0,0,0
403,0,0,0,0,0,0,0,0,0,0,0,0,0
404,0,0,0,0,0,0,0,0,0,0,0,0,0
405,0,0,0,0,0,0,0,0,0,0,0,0,0
406,0,0,0,0,0,0,0,0,0,0,0,0,0
407,0,0,0,0,0,0,0,0,0,0,0,0,0
408,0,0,0,0,0,0,0,0,0,0,0,0,0
409,0,0,0,0,0,0,0,0,0,0,0,0,0
410,0,0,0,0,0,0,0,0,0,0,0,0,0
411,0.0062411,0,0,0,0,0,0,0,0,0,0,0,0
412,0.01024045,0,0,0,0,0,0,0,0,0,0,0,0
413,0.00402983,0,0,0,0,0,0,0,0,0,0,0,0
414,0.00642179,0,0,0,0,0,0,0,0,0,0,0,0
415,0.00552753,0,0,0,0,0,0,0,0,0,0,0,0
416,0.0065525,0,0,0,0,0,0,0,0,0,0,0,0
417,0.00409887,0,0,0,0,0,0,0,0,0,0,0,0
418,0.006297,0,0,0,0,0,0,0,0,0,0,0,0
419,0.00436742,0,0,0,0,0,0,0,0,0,0,0,0
420,0.00233356,0,0,0,0,0,0,0,0,0,0,0,0
421,0.00058162,0,0,0,0,0,0,0,0,0,0,0,0
422,0.00202276,0,0,0,0,0,0,0,0,0,0,0,0
423,0.00294328,0,0,0,0,0,0,0,0,0,0,0,0
424,0.00485362,0,0,0,0,0,0,0,0,0,0,0,0
425,0.00317041,0,0,0,0,0,0,0,0,0,0,0,0
426,0.00237657,0,0,0,0,0,0,0,0,0,0,0,0
427,0.00234612,0,0,0,0,0,0,0,0,0,0,0,0
428,0.00440152,0,0,0,0,0,0,0,0,0,0,0,0
429,0.01292397,0,0,0,0,0,0,0,0,0,0,0,0
430,0.05001678,0,0,0,0,0,0,0,0,0,0,0,0
431,0.18650104,0,0,0,0,0,0,0,0,0,0,0,0
432,0.45441623,0,0,0,0,0,0,0,0,0,0,0,0
433,0.72307877,0,0,0,0,0,0,0,0,0,0,0,0
434,0.83999211,0,0,0,0,0,0,0,0,0,0,0,0
435,0.86456334,0,0,0,0,0,0,0,0,0,0,0,0
436,0.87472096,0,0,0,0,0,0,0,0,0,0,0,0
437,0.89215296,0,0,0,0,0,0,0,0,0,0,0,0
438,0.91090814,0,0,0,0,0,0,0,0,0,0,0,0
439,0.92588017,0,0,0,0,0,0,0,0,0,0,0,0
440,0.93924094,0,0,0,0,0,0,0,0,0,0,0,0
441,0.94491826,0,0,0,0,0,0,0,0,0,0,0,0
442,0.95078529,0,0,0,0,0,0,0,0,0,0,0,0
443,0.96803023,0,0,0,0,0,0,0,0,0,0,0,0
444,0.99939195,0,0,0,0,0,0,0,0,0,0,0,0
445,1,0,0,0,0,0,0,0,0,0,0,0,0
446,0.97548364,0,0,0,0,0,0,0,0,0,0,0,0
447,0.96148351,0,0,0,0,0,0,0,0,0,0,0,0
448,0.94986211,0,0,0,0,0,0,0,0,0,0,0,0
449,0.91841452,0,0,0,0,0,0,0,0,0,0,0,0
450,0.87989802,0,0,0,0,0,0,0,0,0,0,0,0
451,0.80383677,0,0,0,0,0,0,0,0,0,0,0,0
452,0.59752075,0,0,0,0,0,0,0,0,0,0,0,0
453,0.30474132,0,0,0,0,0,0,0,0,0,0,0,0
454,0.10798014,0,0,0,0,0,0,0,0,0,0,0,0
455,0.0304465,0,0,0,0,0,0,0,0,0,0,0,0
456,0.00885119,0.05529541,0,0,0,0,0,0,0,0,0,0,0
457,0,0.12005068,0,0,0,0,0,0,0,0,0,0,0
458,0,0.25199051,0,0,0,0,0,0,0,0,0,0,0
459,0,0.4623617,0,0,0,0,0,0,0,0,0,0,0
460,0,0.65162379,0,0,0,0,0,0,0,0,0,0,0
461,0,0.77642171,0,0,0,0,0,0,0,0,0,0,0
462,0,0.82319091,0,0,0,0,0,0,0,0,0,0,0
463,0,0.83083116,0,0,0,0,0,0,0,0,0,0,0
464,0,0.83382106,0,0,0,0,0,0,0,0,0,0,0
465,0,0.837526,0,0,0,0,0,0,0,0,0,0,0
466,0,0.86304286,0,0,0,0,0,0,0,0,0,0,0
467,0,0.88226141,0,0,0,0,0,0,0,0,0,0,0
468,0,0.90486326,0,0,0,0,0,0,0,0,0,0,0
469,0,0.92043837,0,0,0,0,0,0,0,0,0,0,0
470,0,0.93602675,0,0,0,0,0,0,0,0,0,0,0
471,0,0.930533,0,0,0,0,0,0,0,0,0,0,0
472,0,0.92714067,0,0,0,0,0,0,0,0,0,0,0
473,0,0.9161479,0,0,0,0,0,0,0,0,0,0,0
474,0,0.90551724,0,0,0,0,0,0,0,0,0,0,0
475,0,0.89745515,0,0,0,0,0,0,0,0,0,0,0
476,0,0.90266694,0,0,0,0,0,0,0,0,0,0,0
477,0,0.90854264,0,0,0,0,0,0,0,0,0,0,0
478,0,0.92047913,0,0,0,0,0,0,0,0,0,0,0
479,0,0.92417935,0,0,0,0,0,0,0,0,0,0,0
480,0,0.91845025,0,0,0,0,0,0,0,0,0,0,0
481,0,0.90743244,0,0,0,0,0,0,0,0,0,0,0
482,0,0.89733983,0,0,0,0,0,0,0,0,0,0,0
483,0,0.88646415,0,0,0,0,0,0,0,0,0,0,0
484,0,0.87189983,0,0,0,0,0,0,0,0,0,0,0
485,0,0.85643973,0,0,0,0,0,0,0,0,0,0,0
486,0,0.84473414,0,0,0,0,0,0,0,0,0,0,0
487,0,0.84190734,0,0,0,0,0,0,0,0,0,0,0
488,0,0.85644111,0,0,0,0,0,0,0,0,0,0,0
489,0,0.87782724,0,0,0,0,0,0,0,0,0,0,0
490,0,0.90261174,0,0,0,0,0,0,0,0,0,0,0
491,0,0.91840544,0,0,0,0,0,0,0,0,0,0,0
492,0,0.94585847,0,0,0,0,0,0,0,0,0,0,0
493,0,0.96887192,0,0,0,0,0,0,0,0,0,0,0
494,0,0.99336135,0,0,0,0,0,0,0,0,0,0,0
495,0,0.99927899,0,0,0,0,0,0,0,0,0,0,0
496,0,1,0,0,0,0,0,0,0,0,0,0,0
497,0,0.99520325,0,0,0,0,0,0,0,0,0,0,0
498,0,0.98412711,0,0,0,0,0,0,0,0,0,0,0
499,0,0.97947473,0,0,0,0,0,0,0,0,0,0,0
500,0,0.97808297,0,0,0,0,0,0,0,0,0,0,0
501,0,0.97213439,0,0,0,0,0,0,0,0,0,0,0
502,0,0.96277794,0,0,0,0,0,0,0,0,0,0,0
503,0,0.95342234,0,0,0,0,0,0,0,0,0,0,0
504,0,0.93802376,0,0,0,0,0,0,0,0,0,0,0
505,0,0.92460144,0,0,0,0,0,0,0,0,0,0,0
506,0,0.90932642,0,0,0,0,0,0,0,0,0,0,0
507,0,0.90192251,0,0,0,0,0,0,0,0,0,0,0
508,0,0.89184298,0,0,0,0,0,0,0,0,0,0,0
509,0,0.88963556,0,0,0,0,0,0,0,0,0,0,0
510,0,0.89146958,0,0,0,0,0,0,0,0,0,0,0
511,0,0.89877911,0,0,0,0,0,0,0,0,0,0,0
512,0,0.91056869,0,0,0,0,0,0,0,0,0,0,0
513,0,0.92427362,0,0,0,0,0,0,0,0,0,0,0
514,0,0.93823555,0,0,0,0,0,0,0,0,0,0,0
515,0,0.95311791,0,0,0,0,0,0,0,0,0,0,0
516,0,0.97150808,0,0,0,0,0,0,0,0,0,0,0
517,0,0.98737003,0,0,0,0,0,0,0,0,0,0,0
518,0,0.99658514,0,0,0,0,0,0,0,0,0,0,0
519,0,0.99367959,0,0,0,0,0,0,0,0,0,0,0
520,0,0.98144714,0,0,0,0,0,0,0,0,0,0,0
521,0,0.95874415,0,0,0,0,0,0,0,0,0,0,0
522,0,0.89291635,0,0,0,0,0,0,0,0,0,0,0
523,0,0.73566218,0,0,0,0,0,0,0,0,0,0,0
524,0,0.52060373,0,0,0,0,0,0,0,0,0,0,0
525,0,0.3322804,0,0,0,0,0,0,0,0,0,0,0
526,0,0.19492197,0,0,0,0,0,0,0,0,0,0,0
527,0,0.11732617,0,0,0,0,0,0,0,0,0,0,0
528,0,0.07507304,0,0,0,0,0,0,0,0,0,0,0
529,0,0.05094154,0,0,0,0,0,0,0,0,0,0,0
530,0,0.03213016,0,0,0,0,0,0,0,0,0,0,0
531,0,0.01510217,0,0,0,0,0,0,0,0,0,0,0
532,0,0.00447984,0,0,0,0,0,0,0,0,0,0,0
533,0,0,0,0,0,0,0,0,0,0,0,0,0
534,0,0,0,0,0,0,0,0,0,0,0,0,0
535,0,0,0,0,0,0,0,0,0,0,0,0,0
536,0,0,0.00188039,0,0,0,0,0,0,0,0,0,0
537,0,0,0.01545903,0,0,0,0,0,0,0,0,0,0
538,0,0,0.03660414,0,0,0,0,0,0,0,0,0,0
539,0,0,0.08100583,0,0,0,0,0,0,0,0,0,0
540,0,0,0.16917887,0,0,0,0,0,0,0,0,0,0
541,0,0,0.33278274,0,0,0,0,0,0,0,0,0,0
542,0,0,0.58622794,0,0,0,0,0,0,0,0,0,0
543,0,0,0.80916412,0,0,0,0,0,0,0,0,0,0
544,0,0,0.913051,0,0,0,0,0,0,0,0,0,0
545,0,0,0.94472284,0,0,0,0,0,0,0,0,0,0
546,0,0,0.94898813,0,0,0,0,0,0,0,0,0,0
547,0,0,0.94369132,0,0,0,0,0,0,0,0,0,0
548,0,0,0.92845674,0,0,0,0,0,0,0,0,0,0
549,0,0,0.91256938,0,0,0,0,0,0,0,0,0,0
550,0,0,0.90078036,0,0,0,0,0,0,0,0,0,0
551,0,0,0.89958598,0,0,0,0,0,0,0,0,0,0
552,0,0,0.90547138,0,0,0,0,0,0,0,0,0,0
553,0,0,0.92045355,0,0,0,0,0,0,0,0,0,0
554,0,0,0.94065665,0,0,0,0,0,0,0,0,0,0
555,0,0,0.96199681,0,0,0,0,0,0,0,0,0,0
556,0,0,0.98186744,0,0,0,0,0,0,0,0,0,0
557,0,0,0.9985841,0,0,0,0,0,0,0,0,0,0
558,0,0,1,0,0,0,0,0,0,0,0,0,0
559,0,0,0.99279888,0,0,0,0,0,0,0,0,0,0
560,0,0,0.97801325,0,0,0,0,0,0,0,0,0,0
561,0,0,0.95301174,0,0,0,0,0,0,0,0,0,0
562,0,0,0.9266333,0,0,0,0,0,0,0,0,0,0
563,0,0,0.89359131,0,0,0,0,0,0,0,0,0,0
564,0,0,0.86941793,0,0,0,0,0,0,0,0,0,0
565,0,0,0.84827,0,0,0,0,0,0,0,0,0,0
566,0,0,0.83908301,0,0,0,0,0,0,0,0,0,0
567,0,0,0.83206209,0,0,0,0,0,0,0,0,0,0
568,0,0,0.8291787,0,0,0,0,0,0,0,0,0,0
569,0,0,0.83305844,0,0,0,0,0,0,0,0,0,0
570,0,0,0.84630939,0,0,0,0,0,0,0,0,0,0
571,0,0,0.86396307,0,0,0,0,0,0,0,0,0,0
572,0,0,0.87268076,0,0,0,0,0,0,0,0,0,0
573,0,0,0.86818339,0,0,0,0,0,0,0,0,0,0
574,0,0,0.8554947,0,0,0,0,0,0,0,0,0,0
575,0,0,0.80839054,0,0,0,0,0,0,0,0,0,0
576,0,0,0.67650876,0,0,0,0,0,0,0,0,0,0
577,0,0,0.45584205,0,0,0,0,0,0,0,0,0,0
578,0,0,0.24737576,0,0,0,0,0,0,0,0,0,0
579,0,0,0.12765465,0,0,0,0,0,0,0,0,0,0
580,0,0,0.0589016,0,0,0,0,0,0,0,0,0,0
581,0,0,0.02564742,0,0,0,0,0,0,0,0,0,0
582,0,0,0.00515905,0,0,0,0,0,0,0,0,0,0
583,0,0,0,0,0,0,0,0,0,0,0,0,0
584,0,0,0,0,0,0,0,0,0,0,0,0,0
585,0,0,0,0,0,0,0,0,0,0,0,0,0
586,0,0,0,0,0,0,0,0,0,0,0,0,0
587,0,0,0,0,0,0,0,0,0,0,0,0,0
588,0,0,0,0,0,0,0,0,0,0,0,0,0
589,0,0,0,0,0,0,0,0,0,0,0,0,0
590,0,0,0,0,0,0,0,0,0,0,0,0,0
591,0,0,0,0,0,0,0,0,0,0,0,0,0
592,0,0,0,0,0,0,0,0,0,0,0,0,0
593,0,0,0,0,0,0,0,0,0,0,0,0,0
594,0,0,0,0,0,0,0,0,0,0,0,0,0
595,0,0,0,0,0,0,0,0,0,0,0,0,0
596,0,0,0,0,0,0,0,0,0,0,0,0,0
597,0,0,0,0,0,0,0,0,0,0,0,0,0
598,0,0,0,0,0,0,0,0,0,0,0,0,0
599,0,0,0,0,0,0,0,0,0,0,0,0,0
600,0,0,0,0,0,0,0,0,0,0,0,0,0
601,0,0,0,0,0,0,0,0,0,0,0,0,0
602,0,0,0,0,0,0,0,0,0,0,0,0,0
603,0,0,0,0,0,0,0,0,0,0,0,0,0
604,0,0,0,0,0,0,0,0,0,0,0,0,0
605,0,0,0,0,0,0,0,0,0,0,0,0,0
606,0,0,0,0,0,0,0,0,0,0,0,0,0
607,0,0,0,0,0,0,0,0,0,0,0,0,0
608,0,0,0,0,0,0,0,0,0,0,0,0,0
609,0,0,0,0,0,0,0,0,0,0,0,0,0
610,0,0,0,0,0,0,0,0,0,0,0,0,0
611,0,0,0,0,0,0,0,0,0,0,0,0,0
612,0,0,0,0,0,0,0,0,0,0,0,0,0
613,0,0,0,0,0,0,0,0,0,0,0,0,0
614,0,0,0,0,0,0,0,0,0,0,0,0,0
615,0,0,0,0,0,0,0,0,0,0,0,0,0
616,0,0,0,0,0,0,0,0,0,0,0,0,0
617,0,0,0,0,0,0,0,0,0,0,0,0,0
618,0,0,0,0,0,0,0,0,0,0,0,0,0
619,0,0,0,0,0,0,0,0,0,0,0,0,0
620,0,0,0,0,0,0,0,0,0,0,0,0,0
621,0,0,0,0,0,0,0,0,0,0,0,0,0
622,0,0,0,0,0,0,0,0,0,0,0,0,0
623,0,0,0,0,0,0,0,0,0,0,0,0,0
624,0,0,0,0,0,0,0,0,0,0,0,0,0
625,0,0,0,0,0,0,0,0,0,0,0,0,0
626,0,0,0,0,0,0,0,0,0,0,0,0,0
627,0,0,0,0,0,0,0,0,0,0,0,0,0
628,0,0,0,0,0,0,0,0,0,0,0,0,0
629,0,0,0,0,0,0,0,0,0,0,0,0,0
630,0,0,0,0,0,0,0,0,0,0,0,0,0
631,0,0,0,0,0,0,0,0,0,0,0,0,0
632,0,0,0,0,0,0,0,0,0,0,0,0,0
633,0,0,0,0,0,0,0,0,0,0,0,0,0
634,0,0,0,0,0,0,0,0,0,0,0,0,0
635,0,0,0,0,0,0,0,0,0,0,0,0,0
636,0,0,0,0,0,0,0,0,0,0,0,0,0
637,0,0,0,0,0,0,0,0,0,0,0,0,0
638,0,0,0,0,0,0,0,0,0,0,0,0,0
639,0,0,0,0,0,0,0,0,0,0,0,0,0
640,0,0,0,0,0,0,0,0,0,0,0,0,0
641,0,0,0,0,0,0,0,0,0,0,0,0,0
642,0,0,0,0,0,0,0,0,0,0,0,0,0
643,0,0,0,0,0,0,0,0,0,0,0,0,0
644,0,0,0,0,0,0,0,0,0,0,0,0,0
645,0,0,0,0,0,0,0,0,0,0,0,0,0
646,0,0,0,0.00499358,0,0,0,0,0,0,0,0,0
647,0,0,0,0.02642563,0,0,0,0,0,0,0,0,0
648,0,0,0,0.11905127,0,0,0,0,0,0,0,0,0
649,0,0,0,0.333204,0,0,0,0,0,0,0,0,0
650,0,0,0,0.59813448,0,0,0,0,0,0,0,0,0
651,0,0,0,0.80612041,0,0,0,0,0,0,0,0,0
652,0,0,0,0.91152955,0,0,0,0,0,0,0,0,0
653,0,0,0,0.92179127,0,0,0,0,0,0,0,0,0
654,0,0,0,0.91677167,0,0,0,0,0,0,0,0,0
655,0,0,0,0.90751672,0,0,0,0,0,0,0,0,0
656,0,0,0,0.89867522,0,0,0,0,0,0,0,0,0
657,0,0,0,0.89413622,0,0,0,0,0,0,0,0,0
658,0,0,0,0.89685141,0,0,0,0,0,0,0,0,0
659,0,0,0,0.89933396,0,0,0,0,0,0,0,0,0
660,0,0,0,0.90191681,0,0,0,0,0,0,0,0,0
661,0,0,0,0.90710817,0,0,0,0,0,0,0,0,0
662,0,0,0,0.9164622,0,0,0,0,0,0,0,0,0
663,0,0,0,0.92908702,0,0,0,0,0,0,0,0,0
664,0,0,0,0.9426682,0,0,0,0,0,0,0,0,0
665,0,0,0,0.95591935,0,0,0,0,0,0,0,0,0
666,0,0,0,0.96854537,0,0,0,0,0,0,0,0,0
667,0,0,0,0.98264967,0,0,0,0,0,0,0,0,0
668,0,0,0,0.99231022,0,0,0,0,0,0,0,0,0
669,0,0,0,1,0,0,0,0,0,0,0,0,0
670,0,0,0,0.99904114,0,0,0,0,0,0,0,0,0
671,0,0,0,0.99257339,0,0,0,0,0,0,0,0,0
672,0,0,0,0.97943242,0,0,0,0,0,0,0,0,0
673,0,0,0,0.96553214,0,0,0,0,0,0,0,0,0
674,0,0,0,0.95377013,0,0,0,0,0,0,0,0,0
675,0,0,0,0.94146127,0,0,0,0,0,0,0,0,0
676,0,0,0,0.92151286,0,0,0,0,0,0,0,0,0
677,0,0,0,0.89308475,0,0,0,0,0,0,0,0,0
678,0,0,0,0.83539461,0,0,0,0,0,0,0,0,0
679,0,0,0,0.69759082,0,0,0,0,0,0,0,0,0
680,0,0,0,0.49483622,0,0,0,0,0,0,0,0,0
681,0,0,0,0.27886075,0,0,0,0,0,0,0,0,0
682,0,0,0,0.10892715,0,0,0,0,0,0,0,0,0
683,0,0,0,0.03028701,0,0,0,0,0,0,0,0,0
684,0,0,0,0.00747382,0,0,0,0,0,0,0,0,0
685,0,0,0,0.00087148,0,0,0,0,0,0,0,0,0
686,0,0,0,0,0,0,0,0,0,0,0,0,0
687,0,0,0,0,0,0,0,0,0,0,0,0,0
688,0,0,0,0,0,0,0,0,0,0,0,0,0
689,0,0,0,0,0,0,0,0,0,0,0,0,0
690,0,0,0,0,0,0,0,0,0,0,0,0,0
691,0,0,0,0,0,0,0,0,0,0,0,0,0
692,0,0,0,0,0,0,0,0,0,0,0,0,0
693,0,0,0,0,0,0,0,0,0,0,0,0,0
694,0,0,0,0,0.01042619,0,0,0,0,0,0,0,0
695,0,0,0,0,0.05713826,0,0,0,0,0,0,0,0
696,0,0,0,0,0.21461286,0,0,0,0,0,0,0,0
697,0,0,0,0,0.54715702,0,0,0,0,0,0,0,0
698,0,0,0,0,0.87088164,0,0,0,0,0,0,0,0
699,0,0,0,0,0.96808183,0,0,0,0,0,0,0,0
700,0,0,0,0,0.99104427,0,0,0,0,0,0,0,0
701,0,0,0,0,1,0,0,0,0,0,0,0,0
702,0,0,0,0,0.99512875,0,0,0,0,0,0,0,0
703,0,0,0,0,0.98751456,0,0,0,0,0,0,0,0
704,0,0,0,0,0.97910038,0,0,0,0,0,0,0,0
705,0,0,0,0,0.97035979,0,0,0,0,0,0,0,0
706,0,0,0,0,0.95875454,0,0,0,0,0,0,0,0
707,0,0,0,0,0.94130694,0,0,0,0,0,0,0,0
708,0,0,0,0,0.92531149,0,0,0,0,0,0,0,0
709,0,0,0,0,0.89283152,0,0,0,0,0,0,0,0
710,0,0,0,0,0.76531084,0,0,0,0,0,0,0,0
711,0,0,0,0,0.50228771,0,0,0,0,0,0,0,0
712,0,0,0,0,0.17957688,0,0,0,0,0,0,0,0
713,0,0,0,0,0.0337948,0,0,0,0,0,0,0,0
714,0,0,0,0,0.00240526,0,0,0,0,0,0,0,0
715,0,0,0,0,0,0,0,0,0,0,0,0,0
716,0,0,0,0,0,0,0,0,0,0,0,0,0
717,0,0,0,0,0,0,0,0,0,0,0,0,0
718,0,0,0,0,0,0,0,0,0,0,0,0,0
719,0,0,0,0,0,0,0,0,0,0,0,0,0
720,0,0,0,0,0,0,0,0,0,0,0,0,0
721,0,0,0,0,0,0,0,0,0,0,0,0,0
722,0,0,0,0,0,0,0,0,0,0,0,0,0
723,0,0,0,0,0,0,0,0,0,0,0,0,0
724,0,0,0,0,0,0,0,0,0,0,0,0,0
725,0,0,0,0,0,0,0,0,0,0,0,0,0
726,0,0,0,0,0,0,0,0,0,0,0,0,0
727,0,0,0,0,0,0,0,0,0,0,0,0,0
728,0,0,0,0,0,0,0,0,0,0,0,0,0
729,0,0,0,0,0,0,0,0,0,0,0,0,0
730,0,0,0,0,0,0.01739744,0,0,0,0,0,0,0
731,0,0,0,0,0,0.10565746,0,0,0,0,0,0,0
732,0,0,0,0,0,0.38571484,0,0,0,0,0,0,0
733,0,0,0,0,0,0.78168196,0,0,0,0,0,0,0
734,0,0,0,0,0,0.90518378,0,0,0,0,0,0,0
735,0,0,0,0,0,0.91562509,0,0,0,0,0,0,0
736,0,0,0,0,0,0.92258804,0,0,0,0,0,0,0
737,0,0,0,0,0,0.93134141,0,0,0,0,0,0,0
738,0,0,0,0,0,0.9469604,0,0,0,0,0,0,0
739,0,0,0,0,0,0.96535098,0,0,0,0,0,0,0
740,0,0,0,0,0,0.97817455,0,0,0,0,0,0,0
741,0,0,0,0,0,0.99107716,0,0,0,0,0,0,0
742,0,0,0,0,0,0.99990615,0,0,0,0,0,0,0
743,0,0,0,0,0,1,0,0,0,0,0,0,0
744,0,0,0,0,0,0.97144118,0,0,0,0,0,0,0
745,0,0,0,0,0,0.81937503,0,0,0,0,0,0,0
746,0,0,0,0,0,0.46748011,0,0,0,0,0,0,0
747,0,0,0,0,0,0.09409351,0,0,0,0,0,0,0
748,0,0,0,0,0,0.00983236,0,0,0,0,0,0,0
749,0,0,0,0,0,0,0,0,0,0,0,0,0
750,0,0,0,0,0,0,0,0,0,0,0,0,0
751,0,0,0,0,0,0,0,0,0,0,0,0,0
752,0,0,0,0,0,0,0,0,0,0,0,0,0
753,0,0,0,0,0,0,0,0,0,0,0,0,0
754,0,0,0,0,0,0,0,0,0,0,0,0,0
755,0,0,0,0,0,0,0,0,0,0,0,0,0
756,0,0,0,0,0,0,0,0,0,0,0,0,0
757,0,0,0,0,0,0,0,0,0,0,0,0,0
758,0,0,0,0,0,0,0,0,0,0,0,0,0
759,0,0,0,0,0,0,0,0,0,0,0,0,0
760,0,0,0,0,0,0,0,0,0,0,0,0,0
761,0,0,0,0,0,0,0,0,0,0,0,0,0
762,0,0,0,0,0,0,0,0,0,0,0,0,0
763,0,0,0,0,0,0,0,0,0,0,0,0,0
764,0,0,0,0,0,0,0,0,0,0,0,0,0
765,0,0,0,0,0,0,0,0,0,0,0,0,0
766,0,0,0,0,0,0,0.0103729,0,0,0,0,0,0
767,0,0,0,0,0,0,0.03754921,0,0,0,0,0,0
768,0,0,0,0,0,0,0.11240409,0,0,0,0,0,0
769,0,0,0,0,0,0,0.25890105,0,0,0,0,0,0
770,0,0,0,0,0,0,0.48035521,0,0,0,0,0,0
771,0,0,0,0,0,0,0.73155954,0,0,0,0,0,0
772,0,0,0,0,0,0,0.91293607,0,0,0,0,0,0
773,0,0,0,0,0,0,0.97124929,0,0,0,0,0,0
774,0,0,0,0,0,0,0.96391197,0.00037316,0,0,0,0,0
775,0,0,0,0,0,0,0.95529249,0.00296451,0,0,0,0,0
776,0,0,0,0,0,0,0.964831,0.01663315,0,0,0,0,0
777,0,0,0,0,0,0,0.98628988,0.02818619,0,0,0,0,0
778,0,0,0,0,0,0,1,0.05000442,0,0,0,0,0
779,0,0,0,0,0,0,0.99782157,0.08575595,0,0,0,0,0
780,0,0,0,0,0,0,0.98343012,0.14871265,0,0,0,0,0
781,0,0,0,0,0,0,0.96489467,0.25701156,0,0,0,0,0
782,0,0,0,0,0,0,0.94619093,0.42307501,0,0,0,0,0
783,0,0,0,0,0,0,0.92560158,0.62943997,0,0,0,0,0
784,0,0,0,0,0,0,0.90788186,0.80112571,0,0,0,0,0
785,0,0,0,0,0,0,0.88471259,0.90352196,0,0,0,0,0
786,0,0,0,0,0,0,0.85693094,0.93855197,0,0,0,0,0
787,0,0,0,0,0,0,0.82513165,0.94406104,0,0,0,0,0
788,0,0,0,0,0,0,0.7734046,0.9474892,0,0,0,0,0
789,0,0,0,0,0,0,0.66767522,0.96325767,0,0,0,0,0
790,0,0,0,0,0,0,0.47756609,0.97948137,0,0,0,0,0
791,0,0,0,0,0,0,0.23225321,0.99144397,0,0,0,0,0
792,0,0,0,0,0,0,0.06764032,0.99630748,0,0,0,0,0
793,0,0,0,0,0,0,0.01301456,1,0,0,0,0,0
794,0,0,0,0,0,0,0.00117425,0.99827121,0,0,0,0,0
795,0,0,0,0,0,0,0,0.99843182,0,0,0,0,0
796,0,0,0,0,0,0,0,0.98914342,0,0,0,0,0
797,0,0,0,0,0,0,0,0.98264167,0,0,0,0,0
798,0,0,0,0,0,0,0,0.96769944,0,0,0,0,0
799,0,0,0,0,0,0,0,0.95752283,0,0,0,0,0
800,0,0,0,0,0,0,0,0.95074919,0,0,0,0,0
801,0,0,0,0,0,0,0,0.9458125,0,0,0,0,0
802,0,0,0,0,0,0,0,0.94267916,0,0,0,0,0
803,0,0,0,0,0,0,0,0.9465958,0,0,0,0,0
804,0,0,0,0,0,0,0,0.94450012,0,0,0,0,0
805,0,0,0,0,0,0,0,0.93992861,0,0,0,0,0
806,0,0,0,0,0,0,0,0.92759688,0,0,0,0,0
807,0,0,0,0,0,0,0,0.91226544,0,0,0,0,0
808,0,0,0,0,0,0,0,0.89079677,0,0,0,0,0
809,0,0,0,0,0,0,0,0.8706102,0,0,0,0,0
810,0,0,0,0,0,0,0,0.85021777,0,0,0,0,0
811,0,0,0,0,0,0,0,0.83416655,0,0,0,0,0
812,0,0,0,0,0,0,0,0.82214927,0,0,0,0,0
813,0,0,0,0,0,0,0,0.8124078,0,0,0,0,0
814,0,0,0,0,0,0,0,0.80920229,0,0,0,0,0
815,0,0,0,0,0,0,0,0.80220847,0,0,0,0,0
816,0,0,0,0,0,0,0,0.79081499,0,0,0,0,0
817,0,0,0,0,0,0,0,0.78239761,0,0,0,0,0
818,0,0,0,0,0,0,0,0.76731527,0,0,0,0,0
819,0,0,0,0,0,0,0,0.75394962,0,0,0,0,0
820,0,0,0,0,0,0,0,0.74226922,0,0,0,0,0
821,0,0,0,0,0,0,0,0.72750987,0,0,0,0,0
822,0,0,0,0,0,0,0,0.71976209,0,0,0,0,0
823,0,0,0,0,0,0,0,0.71456726,0,0,0,0,0
824,0,0,0,0,0,0,0,0.71982866,0,0,0,0,0
825,0,0,0,0,0,0,0,0.72746214,0,0,0,0,0
826,0,0,0,0,0,0,0,0.73945306,0,0,0,0,0
827,0,0,0,0,0,0,0,0.75138424,0,0,0,0,0
828,0,0,0,0,0,0,0,0.76310661,0,0,0,0,0
829,0,0,0,0,0,0,0,0.77122498,0,0,0,0,0
830,0,0,0,0,0,0,0,0.78298312,0,0,0,0,0
831,0,0,0,0,0,0,0,0.78494127,0,0,0,0,0
832,0,0,0,0,0,0,0,0.78409222,0,0,0,0,0
833,0,0,0,0,0,0,0,0.7834498,0,0,0,0,0
834,0,0,0,0,0,0,0,0.78216032,0,0,0,0,0
835,0,0,0,0,0,0,0,0.78062401,0,0,0,0,0
836,0,0,0,0,0,0,0,0.78132572,0,0,0,0,0
837,0,0,0,0,0,0,0,0.7813272,0,0,0,0,0
838,0,0,0,0,0,0,0,0.7810081,0,0,0,0,0
839,0,0,0,0,0,0,0,0.77897938,0,0,0,0,0
840,0,0,0,0,0,0,0,0.7761445,0,0,0,0,0
841,0,0,0,0,0,0,0,0.76910534,0,0,0,0,0
842,0,0,0,0,0,0,0,0.7625494,0,0,0,0,0
843,0,0,0,0,0,0,0,0.75157186,0,0,0,0,0
844,0,0,0,0,0,0,0,0.74086146,0,0,0,0,0
845,0,0,0,0,0,0,0,0.73121299,0,0,0,0,0
846,0,0,0,0,0,0,0,0.71988688,0,0,0,0,0
847,0,0,0,0,0,0,0,0.71025573,0,0,0,0,0
848,0,0,0,0,0,0,0,0.69679744,0.00167523,0,0,0,0
849,0,0,0,0,0,0,0,0.68602501,0.01602231,0,0,0,0
850,0,0,0,0,0,0,0,0.67163906,0.03225867,0,0,0,0
851,0,0,0,0,0,0,0,0.65532408,0.07345268,0,0,0,0
852,0,0,0,0,0,0,0,0.64173681,0.1689243,0,0,0,0
853,0,0,0,0,0,0,0,0.62683353,0.34543042,0,0,0,0
854,0,0,0,0,0,0,0,0.61241074,0.56923369,0,0,0,0
855,0,0,0,0,0,0,0,0.60185411,0.79611745,0,0,0,0
856,0,0,0,0,0,0,0,0.59380689,0.93749188,0,0,0,0
857,0,0,0,0,0,0,0,0.58714687,0.98102805,0,0,0,0
858,0,0,0,0,0,0,0,0.58444579,0.98742384,0,0,0,0
859,0,0,0,0,0,0,0,0.58231388,0.99457226,0,0,0,0
860,0,0,0,0,0,0,0,0.58111599,0.99912415,0,0,0,0
861,0,0,0,0,0,0,0,0.57996902,0.99993652,0,0,0,0
862,0,0,0,0,0,0,0,0.57480451,1,0,0,0,0
863,0,0,0,0,0,0,0,0.57684802,0.99437257,0,0,0,0
864,0,0,0,0,0,0,0,0.57273034,0.98756135,0,0,0,0
865,0,0,0,0,0,0,0,0.57144461,0.98263615,0,0,0,0
866,0,0,0,0,0,0,0,0.56985127,0.9790323,0,0,0,0
867,0,0,0,0,0,0,0,0.57167225,0.97397518,0,0,0,0
868,0,0,0,0,0,0,0,0.57154913,0.97130259,0,0,0,0
869,0,0,0,0,0,0,0,0.57292235,0.9645338,0,0,0,0
870,0,0,0,0,0,0,0,0.57617796,0.95610202,0,0,0,0
871,0,0,0,0,0,0,0,0.5784908,0.93941552,0,0,0,0
872,0,0,0,0,0,0,0,0.58023702,0.89155652,0,0,0,0
873,0,0,0,0,0,0,0,0.57982619,0.77601041,0,0,0,0
874,0,0,0,0,0,0,0,0.57868642,0.5951886,0,0,0,0
875,0,0,0,0,0,0,0,0.57587451,0.37588812,0,0,0,0
876,0,0,0,0,0,0,0,0.56976789,0.18394037,0,0,0,0
877,0,0,0,0,0,0,0,0.56173136,0.07870072,0,0,0,0
878,0,0,0,0,0,0,0,0.55644176,0.0332686,0,0,0,0
879,0,0,0,0,0,0,0,0.54881732,0.01575167,0,0,0,0
880,0,0,0,0,0,0,0,0.54508423,0.00159818,0,0,0,0
881,0,0,0,0,0,0,0,0.54153848,0,0,0,0,0
882,0,0,0,0,0,0,0,0.54069902,0,0,0,0,0
883,0,0,0,0,0,0,0,0.53850959,0,0,0,0,0
884,0,0,0,0,0,0,0,0.53655263,0,0,0,0,0
885,0,0,0,0,0,0,0,0.530404,0,0,0,0,0
886,0,0,0,0,0,0,0,0.52068821,0,0,0,0,0
887,0,0,0,0,0,0,0,0.50399678,0,0,0,0,0
888,0,0,0,0,0,0,0,0.486513,0,0,0,0,0
889,0,0,0,0,0,0,0,0.46813829,0,0,0,0,0
890,0,0,0,0,0,0,0,0.45468861,0,0,0,0,0
891,0,0,0,0,0,0,0,0.44447936,0,0,0,0,0
892,0,0,0,0,0,0,0,0.44177056,0,0,0,0,0
893,0,0,0,0,0,0,0,0.44425396,0,0,0,0,0
894,0,0,0,0,0,0,0,0.44633078,0,0,0,0,0
895,0,0,0,0,0,0,0,0.43914074,0,0,0,0,0
896,0,0,0,0,0,0,0,0.41748156,0,0,0,0,0
897,0,0,0,0,0,0,0,0.3690277,0,0,0,0,0
898,0,0,0,0,0,0,0,0.30165803,0,0,0,0,0
899,0,0,0,0,0,0,0,0.23504284,0,0,0,0,0
900,0,0,0,0,0,0,0,0.17434599,0,0,0,0,0
901,0,0,0,0,0,0,0,0.12247894,0,0,0,0,0
902,0,0,0,0,0,0,0,0.08354059,0,0,0,0,0
903,0,0,0,0,0,0,0,0.05624109,0,0,0,0,0
904,0,0,0,0,0,0,0,0.03804368,0,0,0,0,0
905,0,0,0,0,0,0,0,0.02427229,0,0,0,0,0
906,0,0,0,0,0,0,0,0.01490577,0,0,0,0,0
907,0,0,0,0,0,0,0,0.00615862,0,0,0,0,0
908,0,0,0,0,0,0,0,0,0,0,0,0,0
909,0,0,0,0,0,0,0,0,0,0,0,0,0
910,0,0,0,0,0,0,0,0,0,0,0,0,0
911,0,0,0,0,0,0,0,0,0,0,0,0,0
912,0,0,0,0,0,0,0,0,0,0,0,0,0
913,0,0,0,0,0,0,0,0,0,0,0,0,0
914,0,0,0,0,0,0,0,0,0,0,0,0,0
915,0,0,0,0,0,0,0,0,0,0,0,0,0
916,0,0,0,0,0,0,0,0,0,0,0,0,0
917,0,0,0,0,0,0,0,0,0,0,0,0,0
918,0,0,0,0,0,0,0,0,0,0,0,0,0
919,0,0,0,0,0,0,0,0,0,0,0,0,0
920,0,0,0,0,0,0,0,0,0,0,0,0,0
921,0,0,0,0,0,0,0,0,0,0,0,0,0
922,0,0,0,0,0,0,0,0,0,0,0,0,0
923,0,0,0,0,0,0,0,0,0,0,0,0,0
924,0,0,0,0,0,0,0,0,0,0,0,0,0
925,0,0,0,0,0,0,0,0,0,0,0,0,0
926,0,0,0,0,0,0,0,0,0,0,0,0,0
927,0,0,0,0,0,0,0,0,0,0,0,0,0
928,0,0,0,0,0,0,0,0,0,0,0,0,0
929,0,0,0,0,0,0,0,0,0,0,0,0,0
930,0,0,0,0,0,0,0,0,0,0.0121336,0,0,0
931,0,0,0,0,0,0,0,0,0,0.04608767,0,0,0
932,0,0,0,0,0,0,0,0,0,0.15156613,0,0,0
933,0,0,0,0,0,0,0,0,0,0.35888361,0,0,0
934,0,0,0,0,0,0,0,0,0,0.60704101,0,0,0
935,0,0,0,0,0,0,0,0,0,0.83836043,0,0,0
936,0,0,0,0,0,0,0,0,0,0.93474094,0,0,0
937,0,0,0,0,0,0,0,0,0,0.94270146,0,0,0
938,0,0,0,0,0,0,0,0,0,0.95838078,0,0,0
939,0,0,0,0,0,0,0,0,0,0.99064712,0,0,0
940,0,0,0,0,0,0,0,0,0,0.99789825,0,0,0
941,0,0,0,0,0,0,0,0,0,1,0,0,0
942,0,0,0,0,0,0,0,0,0,0.98593726,0,0,0
943,0,0,0,0,0,0,0,0,0,0.97333604,0,0,0
944,0,0,0,0,0,0,0,0,0,0.95776631,0,0,0
945,0,0,0,0,0,0,0,0,0,0.972226,0,0,0
946,0,0,0,0,0,0,0,0,0,0.94856942,0,0,0
947,0,0,0,0,0,0,0,0,0,0.94367414,0,0,0
948,0,0,0,0,0,0,0,0,0,0.90771555,0,0,0
949,0,0,0,0,0,0,0,0,0,0.88460732,0,0,0
950,0,0,0,0,0,0,0,0,0,0.85258329,0,0,0
951,0,0,0,0,0,0,0,0,0,0.83375172,0,0,0
952,0,0,0,0,0,0,0,0,0,0.71599386,0,0,0
953,0,0,0,0,0,0,0,0,0,0.52202762,0,0,0
954,0,0,0,0,0,0,0,0,0,0.26922852,0,0,0
955,0,0,0,0,0,0,0,0,0,0.09477806,0,0,0
956,0,0,0,0,0,0,0,0,0,0.02640828,0,0,0
957,0,0,0,0,0,0,0,0,0,0.00346547,0,0,0
958,0,0,0,0,0,0,0,0,0,0,0,0,0
959,0,0,0,0,0,0,0,0,0,0,0,0,0
960,0,0,0,0,0,0,0,0,0,0,0,0,0
961,0,0,0,0,0,0,0,0,0,0,0,0,0
962,0,0,0,0,0,0,0,0,0,0,0,0,0
963,0,0,0,0,0,0,0,0,0,0,0,0,0
964,0,0,0,0,0,0,0,0,0,0,0,0,0
965,0,0,0,0,0,0,0,0,0,0,0,0,0
966,0,0,0,0,0,0,0,0,0,0,0,0,0
967,0,0,0,0,0,0,0,0,0,0,0,0,0
968,0,0,0,0,0,0,0,0,0,0,0,0,0
969,0,0,0,0,0,0,0,0,0,0,0,0,0
970,0,0,0,0,0,0,0,0,0,0,0,0,0
971,0,0,0,0,0,0,0,0,0,0,0,0,0
972,0,0,0,0,0,0,0,0,0,0,0,0,0
973,0,0,0,0,0,0,0,0,0,0,0,0,0
974,0,0,0,0,0,0,0,0,0,0,0,0,0
975,0,0,0,0,0,0,0,0,0,0,0,0,0
976,0,0,0,0,0,0,0,0,0,0,0,0,0
977,0,0,0,0,0,0,0,0,0,0,0,0,0
978,0,0,0,0,0,0,0,0,0,0,0,0,0
979,0,0,0,0,0,0,0,0,0,0,0,0,0
980,0,0,0,0,0,0,0,0,0,0,0,0,0
981,0,0,0,0,0,0,0,0,0,0,0,0,0
982,0,0,0,0,0,0,0,0,0,0,0,0,0
983,0,0,0,0,0,0,0,0,0,0,0,0,0
984,0,0,0,0,0,0,0,0,0,0,0,0,0
985,0,0,0,0,0,0,0,0,0,0,0,0,0
986,0,0,0,0,0,0,0,0,0,0,0,0,0
987,0,0,0,0,0,0,0,0,0,0,0,0,0
988,0,0,0,0,0,0,0,0,0,0,0,0,0
989,0,0,0,0,0,0,0,0,0,0,0,0,0
990,0,0,0,0,0,0,0,0,0,0,0,0,0
991,0,0,0,0,0,0,0,0,0,0,0,0,0
992,0,0,0,0,0,0,0,0,0,0,0,0,0
993,0,0,0,0,0,0,0,0,0,0,0,0,0
994,0,0,0,0,0,0,0,0,0,0,0,0,0
995,0,0,0,0,0,0,0,0,0,0,0,0,0
996,0,0,0,0,0,0,0,0,0,0,0,0,0
997,0,0,0,0,0,0,0,0,0,0,0,0,0
998,0,0,0,0,0,0,0,0,0,0,0,0,0
999,0,0,0,0,0,0,0,0,0,0,0,0,0
1000,0,0,0,0,0,0,0,0,0,0,0,0,0